timestamp,cores,max_replicas,desired_replicas,current_replicas,service,architecture
1757890387,0.0010475367422087,10.0,1.0,1.0,payment,decoupled
1757890387,0.0433668088517691,10.0,3.0,3.0,frontend,decoupled
1757890387,0.0010761344372305,10.0,1.0,1.0,email,decoupled
1757890387,0.0035365964968445,10.0,1.0,1.0,recommendation,decoupled
1757890387,0.0046865853439643,10.0,1.0,1.0,shipping,decoupled
1757890387,0.0033611552757806,10.0,1.0,1.0,checkout,decoupled
1757890387,0.0163280469804359,10.0,2.0,2.0,cart,decoupled
1757890387,0.0073030814177712,10.0,1.0,1.0,ads,decoupled
1757890387,0.0046518099138709,10.0,1.0,1.0,cartcache,decoupled
1757890387,0.016279011467745,10.0,2.0,2.0,currency,decoupled
1757890387,0.0099884718891939,10.0,1.0,1.0,catalog,decoupled
1757890400,0.0041345560101196,10.0,1.0,1.0,checkout,decoupled
1757890400,0.0164868663025804,10.0,1.0,1.0,cart,decoupled
1757890400,0.0046823419141811,10.0,1.0,1.0,shipping,decoupled
1757890400,0.0035613365425712,10.0,1.0,1.0,recommendation,decoupled
1757890400,0.0502859164840405,10.0,1.0,1.0,frontend,decoupled
1757890400,0.0104361094086122,10.0,1.0,1.0,catalog,decoupled
1757890400,0.0047813217329562,10.0,1.0,1.0,cartcache,decoupled
1757890400,0.0075633538319848,10.0,1.0,1.0,ads,decoupled
1757890400,0.0198086050936062,10.0,1.0,1.0,currency,decoupled
1757890400,0.0010769033631289,10.0,1.0,1.0,email,decoupled
1757890400,0.0010418006778293,10.0,1.0,1.0,payment,decoupled
1757890414,0.0054685991812757,10.0,1.0,1.0,checkout,decoupled
1757890414,0.0296688054174716,10.0,1.0,1.0,currency,decoupled
1757890414,0.0041092882760416,10.0,1.0,1.0,recommendation,decoupled
1757890414,0.001593334612232,10.0,1.0,1.0,email,decoupled
1757890414,0.072701512762788,10.0,1.0,1.0,frontend,decoupled
1757890414,0.0057670647080909,10.0,1.0,1.0,shipping,decoupled
1757890414,0.0098664001067662,10.0,1.0,1.0,catalog,decoupled
1757890414,0.0103379509393236,10.0,1.0,1.0,ads,decoupled
1757890414,0.0167232444878389,10.0,1.0,1.0,cart,decoupled
1757890414,0.0012248689614323,10.0,1.0,1.0,payment,decoupled
1757890414,0.0046800916597655,10.0,1.0,1.0,cartcache,decoupled
1757890429,0.0055682167107459,10.0,1.0,1.0,checkout,decoupled
1757890429,0.0153597563337998,10.0,1.0,1.0,catalog,decoupled
1757890429,0.0303698759494915,10.0,1.0,1.0,currency,decoupled
1757890429,0.0016223880929129,10.0,1.0,1.0,email,decoupled
1757890429,0.0061557769637648,10.0,1.0,1.0,recommendation,decoupled
1757890429,0.0083944538852282,10.0,1.0,1.0,shipping,decoupled
1757890429,0.089738754247092,10.0,1.0,1.0,frontend,decoupled
1757890429,0.0015502154206485,10.0,1.0,1.0,payment,decoupled
1757890429,0.0242848731862887,10.0,1.0,1.0,cart,decoupled
1757890429,0.0138013382918551,10.0,1.0,1.0,ads,decoupled
1757890429,0.006799506791706,10.0,1.0,1.0,cartcache,decoupled
1757890445,0.0105565381679255,10.0,1.0,1.0,cartcache,decoupled
1757890445,0.0139107235645684,10.0,1.0,1.0,ads,decoupled
1757890445,0.0388618523761731,10.0,1.0,1.0,currency,decoupled
1757890445,0.0084423575590559,10.0,1.0,1.0,checkout,decoupled
1757890445,0.0112163483947331,10.0,1.0,1.0,shipping,decoupled
1757890445,0.024885682750055,10.0,1.0,1.0,catalog,decoupled
1757890445,0.0317004202032391,10.0,1.0,1.0,cart,decoupled
1757890445,0.0080570061810244,10.0,1.0,1.0,recommendation,decoupled
1757890445,0.0022441960574753,10.0,1.0,1.0,email,decoupled
1757890445,0.0016825553799691,10.0,1.0,1.0,payment,decoupled
1757890445,0.106570057097586,10.0,1.0,1.0,frontend,decoupled
1757890460,0.0392820257808377,10.0,2.0,2.0,cart,decoupled
1757890460,0.0253529946129414,10.0,1.0,1.0,catalog,decoupled
1757890460,0.0132339345305678,10.0,1.0,1.0,shipping,decoupled
1757890460,0.0083049689088118,10.0,1.0,1.0,recommendation,decoupled
1757890460,0.002710911812804,10.0,1.0,1.0,email,decoupled
1757890460,0.1053381363819715,10.0,5.0,5.0,frontend,decoupled
1757890460,0.0122095168343735,10.0,1.0,1.0,cartcache,decoupled
1757890460,0.0020659173957288,10.0,1.0,1.0,payment,decoupled
1757890460,0.0555408932692488,10.0,2.0,2.0,currency,decoupled
1757890460,0.0202310066402912,10.0,1.0,1.0,ads,decoupled
1757890460,0.0092673189794686,10.0,1.0,1.0,checkout,decoupled
1757890475,0.0298115571792433,10.0,1.0,1.0,catalog,decoupled
1757890475,0.0105871470540804,10.0,1.0,1.0,checkout,decoupled
1757890475,0.0685563146236013,10.0,2.0,2.0,currency,decoupled
1757890475,0.0103839317619817,10.0,1.0,1.0,recommendation,decoupled
1757890475,0.1501249244525954,10.0,5.0,5.0,frontend,decoupled
1757890475,0.0031974462163513,10.0,1.0,1.0,email,decoupled
1757890475,0.0507449306232534,10.0,2.0,2.0,cart,decoupled
1757890475,0.0157723000833614,10.0,1.0,1.0,shipping,decoupled
1757890475,0.0202136593280858,10.0,1.0,1.0,ads,decoupled
1757890475,0.0139168122387263,10.0,1.0,1.0,cartcache,decoupled
1757890475,0.0024431390587678,10.0,1.0,1.0,payment,decoupled
1757890490,0.0120853682531429,10.0,1.0,1.0,recommendation,decoupled
1757890490,0.0157938615549239,10.0,1.0,1.0,shipping,decoupled
1757890490,0.0599728412116395,10.0,2.0,2.0,cart,decoupled
1757890490,0.1517630752647552,10.0,5.0,5.0,frontend,decoupled
1757890490,0.0026593262184039,10.0,1.0,1.0,payment,decoupled
1757890490,0.0120142841274359,10.0,1.0,1.0,checkout,decoupled
1757890490,0.016047713338095,10.0,1.0,1.0,cartcache,decoupled
1757890490,0.035370398726374,10.0,1.0,1.0,catalog,decoupled
1757890490,0.0797259174673568,10.0,2.0,2.0,currency,decoupled
1757890490,0.0035950444223702,10.0,1.0,1.0,email,decoupled
1757890490,0.0256930428058798,10.0,1.0,1.0,ads,decoupled
1757890505,0.0860725691309882,10.0,2.0,2.0,currency,decoupled
1757890505,0.0180138947994837,10.0,1.0,1.0,cartcache,decoupled
1757890505,0.0195929075857747,10.0,1.0,1.0,shipping,decoupled
1757890505,0.0256854794738845,10.0,1.0,1.0,ads,decoupled
1757890505,0.1949914893638527,10.0,5.0,5.0,frontend,decoupled
1757890505,0.0665997112555268,10.0,2.0,2.0,cart,decoupled
1757890505,0.0135226135868323,10.0,1.0,1.0,checkout,decoupled
1757890505,0.0403329729878747,10.0,1.0,1.0,catalog,decoupled
1757890505,0.0135498235219966,10.0,1.0,1.0,recommendation,decoupled
1757890505,0.0039155156882045,10.0,1.0,1.0,email,decoupled
1757890505,0.0028821252361943,10.0,1.0,1.0,payment,decoupled
1757890519,0.1982360697142558,10.0,7.0,7.0,frontend,decoupled
1757890519,0.0925281035658316,10.0,2.0,2.0,currency,decoupled
1757890519,0.0034230445408079,10.0,1.0,1.0,payment,decoupled
1757890519,0.0198633613117314,10.0,1.0,1.0,cartcache,decoupled
1757890519,0.0425429323795813,10.0,2.0,2.0,catalog,decoupled
1757890519,0.0149152434690844,10.0,1.0,1.0,recommendation,decoupled
1757890519,0.019505311593979,10.0,1.0,1.0,shipping,decoupled
1757890519,0.0734522452760894,10.0,2.0,2.0,cart,decoupled
1757890519,0.0039049602803965,10.0,1.0,1.0,email,decoupled
1757890519,0.0295407540351003,10.0,1.0,1.0,ads,decoupled
1757890519,0.0148891576246257,10.0,1.0,1.0,checkout,decoupled
1757890534,0.0243448912500179,10.0,1.0,1.0,shipping,decoupled
1757890534,0.0751673306370999,10.0,2.0,2.0,cart,decoupled
1757890534,0.1081140194203062,10.0,2.0,2.0,currency,decoupled
1757890534,0.020470849579615,10.0,1.0,1.0,cartcache,decoupled
1757890534,0.2180638158203286,10.0,7.0,7.0,frontend,decoupled
1757890534,0.0047238258074443,10.0,1.0,1.0,email,decoupled
1757890534,0.0150165947486358,10.0,1.0,1.0,checkout,decoupled
1757890534,0.0340305814512091,10.0,1.0,1.0,ads,decoupled
1757890534,0.0162789026547412,10.0,1.0,1.0,recommendation,decoupled
1757890534,0.0036345849331577,10.0,1.0,1.0,payment,decoupled
1757890534,0.0524307202384303,10.0,2.0,2.0,catalog,decoupled
1757890549,0.0178875490735843,10.0,1.0,1.0,recommendation,decoupled
1757890549,0.0053147516934892,10.0,1.0,1.0,email,decoupled
1757890549,0.2523660646577027,10.0,7.0,7.0,frontend,decoupled
1757890549,0.0821915638393803,10.0,2.0,2.0,cart,decoupled
1757890549,0.0350424437161853,10.0,1.0,1.0,ads,decoupled
1757890549,0.0249419465981854,10.0,1.0,1.0,shipping,decoupled
1757890549,0.0174713549813343,10.0,1.0,1.0,checkout,decoupled
1757890549,0.0233727180207053,10.0,1.0,1.0,cartcache,decoupled
1757890549,0.1188271051469071,10.0,2.0,2.0,currency,decoupled
1757890549,0.0040570502272576,10.0,1.0,1.0,payment,decoupled
1757890549,0.057629267896375,10.0,2.0,2.0,catalog,decoupled
1757890564,0.0193229931843354,10.0,1.0,1.0,recommendation,decoupled
1757890564,0.0178078271172511,10.0,1.0,1.0,checkout,decoupled
1757890564,0.027216917872294,10.0,1.0,1.0,shipping,decoupled
1757890564,0.0407252470457339,10.0,1.0,1.0,ads,decoupled
1757890564,0.0260363288991434,10.0,1.0,1.0,cartcache,decoupled
1757890564,0.0043021214979156,10.0,1.0,1.0,payment,decoupled
1757890564,0.1249638012088529,10.0,2.0,2.0,currency,decoupled
1757890564,0.0610119501896773,10.0,2.0,2.0,catalog,decoupled
1757890564,0.0054715938316305,10.0,1.0,1.0,email,decoupled
1757890564,0.2724437716741148,10.0,7.0,7.0,frontend,decoupled
1757890564,0.0941022638667135,10.0,2.0,2.0,cart,decoupled
1757890578,0.2978725575659023,10.0,7.0,7.0,frontend,decoupled
1757890578,0.0045412074531741,10.0,1.0,1.0,payment,decoupled
1757890578,0.0200443811238914,10.0,1.0,1.0,recommendation,decoupled
1757890578,0.1000285495328056,10.0,3.0,3.0,cart,decoupled
1757890578,0.0059302853470703,10.0,1.0,1.0,email,decoupled
1757890578,0.065256070800796,10.0,2.0,2.0,catalog,decoupled
1757890578,0.0432844218793011,10.0,1.0,1.0,ads,decoupled
1757890578,0.027631192164002,10.0,1.0,1.0,cartcache,decoupled
1757890578,0.0295114143965039,10.0,1.0,1.0,shipping,decoupled
1757890578,0.0202254399310219,10.0,1.0,1.0,checkout,decoupled
1757890578,0.1284139239950733,10.0,4.0,4.0,currency,decoupled
1757890593,0.005016750578214,10.0,1.0,1.0,payment,decoupled
1757890593,0.0300002283387375,10.0,1.0,1.0,cartcache,decoupled
1757890593,0.0719067243976247,10.0,2.0,2.0,catalog,decoupled
1757890593,0.046433195339781,10.0,1.0,1.0,ads,decoupled
1757890593,0.0217884445948136,10.0,1.0,1.0,checkout,decoupled
1757890593,0.150193633125528,10.0,4.0,4.0,currency,decoupled
1757890593,0.0323467951385401,10.0,1.0,1.0,shipping,decoupled
1757890593,0.0059580180948276,10.0,1.0,1.0,email,decoupled
1757890593,0.3173817569381375,10.0,7.0,7.0,frontend,decoupled
1757890593,0.1103669712367002,10.0,3.0,3.0,cart,decoupled
1757890593,0.0212011825311008,10.0,1.0,1.0,recommendation,decoupled
1757890608,0.1175650561670513,10.0,3.0,3.0,cart,decoupled
1757890608,0.0790020094462672,10.0,2.0,2.0,catalog,decoupled
1757890608,0.0317925484214911,10.0,1.0,1.0,cartcache,decoupled
1757890608,0.1570272779253423,10.0,4.0,4.0,currency,decoupled
1757890608,0.0053582224409794,10.0,1.0,1.0,payment,decoupled
1757890608,0.0499970495893251,10.0,1.0,1.0,ads,decoupled
1757890608,0.0345438306197926,10.0,1.0,1.0,shipping,decoupled
1757890608,0.3309760133353194,10.0,7.0,7.0,frontend,decoupled
1757890608,0.0068840071163866,10.0,1.0,1.0,email,decoupled
1757890608,0.0235862177102932,10.0,1.0,1.0,recommendation,decoupled
1757890608,0.02232824405686,10.0,1.0,1.0,checkout,decoupled
1757890622,0.1272603962520525,10.0,3.0,3.0,cart,decoupled
1757890622,0.0362533338530942,10.0,1.0,1.0,shipping,decoupled
1757890622,0.0244215717573625,10.0,1.0,1.0,recommendation,decoupled
1757890622,0.0497892342952287,10.0,1.0,1.0,ads,decoupled
1757890622,0.0333851615722947,10.0,1.0,1.0,cartcache,decoupled
1757890622,0.0236134151585037,10.0,1.0,1.0,checkout,decoupled
1757890622,0.0070017079723036,10.0,1.0,1.0,email,decoupled
1757890622,0.3478131077070646,10.0,7.0,7.0,frontend,decoupled
1757890622,0.1688728118571236,10.0,4.0,4.0,currency,decoupled
1757890622,0.0818335326575869,10.0,2.0,2.0,catalog,decoupled
1757890622,0.0053763816600109,10.0,1.0,1.0,payment,decoupled
1757890637,0.3703697245486993,10.0,7.0,7.0,frontend,decoupled
1757890637,0.0254440701735089,10.0,1.0,1.0,recommendation,decoupled
1757890637,0.0074025316546018,10.0,1.0,1.0,email,decoupled
1757890637,0.0375870576059705,10.0,1.0,1.0,shipping,decoupled
1757890637,0.0243430538566385,10.0,1.0,1.0,checkout,decoupled
1757890637,0.1827911519804312,10.0,4.0,4.0,currency,decoupled
1757890637,0.005703946813298,10.0,1.0,1.0,payment,decoupled
1757890637,0.0358275956023113,10.0,1.0,1.0,cartcache,decoupled
1757890637,0.0559643162307699,10.0,1.0,1.0,ads,decoupled
1757890637,0.089245957746685,10.0,2.0,2.0,catalog,decoupled
1757890637,0.1347151249066384,10.0,3.0,3.0,cart,decoupled
1757890652,0.0057182099295052,10.0,1.0,1.0,payment,decoupled
1757890652,0.0562479364053325,10.0,1.0,1.0,ads,decoupled
1757890652,0.0361422915012346,10.0,1.0,1.0,cartcache,decoupled
1757890652,0.0902227857352333,10.0,2.0,2.0,catalog,decoupled
1757890652,0.0071018069028891,10.0,1.0,1.0,email,decoupled
1757890652,0.3567991705246506,10.0,7.0,7.0,frontend,decoupled
1757890652,0.1289746538635638,10.0,3.0,3.0,cart,decoupled
1757890652,0.0352177468286333,10.0,1.0,1.0,shipping,decoupled
1757890652,0.0245888790717353,10.0,1.0,1.0,recommendation,decoupled
1757890652,0.171907426196755,10.0,4.0,4.0,currency,decoupled
1757890652,0.0234181418035,10.0,1.0,1.0,checkout,decoupled
1757890666,0.0074290234925104,10.0,1.0,1.0,email,decoupled
1757890666,0.0057196772412318,10.0,1.0,1.0,payment,decoupled
1757890666,0.0567426057387249,10.0,1.0,1.0,ads,decoupled
1757890666,0.185412046326763,10.0,4.0,4.0,currency,decoupled
1757890666,0.1317305162785438,10.0,3.0,3.0,cart,decoupled
1757890666,0.0381741735369118,10.0,1.0,1.0,shipping,decoupled
1757890666,0.0250466553306645,10.0,1.0,1.0,recommendation,decoupled
1757890666,0.3758059893726007,10.0,7.0,7.0,frontend,decoupled
1757890666,0.0365039645615994,10.0,1.0,1.0,cartcache,decoupled
1757890666,0.0932700517972515,10.0,2.0,2.0,catalog,decoupled
1757890666,0.0242892447955415,10.0,1.0,1.0,checkout,decoupled
1757890681,0.0078804667846311,10.0,1.0,1.0,email,decoupled
1757890681,0.0381374305845348,10.0,1.0,1.0,shipping,decoupled
1757890681,0.1338472992305748,10.0,3.0,3.0,cart,decoupled
1757890681,0.3946521012266101,10.0,7.0,7.0,frontend,decoupled
1757890681,0.027499145495594,10.0,1.0,1.0,recommendation,decoupled
1757890681,0.0367058549203531,10.0,1.0,1.0,cartcache,decoupled
1757890681,0.0973738364010936,10.0,2.0,2.0,catalog,decoupled
1757890681,0.194088864793484,10.0,4.0,4.0,currency,decoupled
1757890681,0.0587594577565076,10.0,1.0,1.0,ads,decoupled
1757890681,0.0241946269881025,10.0,1.0,1.0,checkout,decoupled
1757890681,0.0059039659895811,10.0,1.0,1.0,payment,decoupled
1757890696,0.0059877539896864,10.0,1.0,1.0,payment,decoupled
1757890696,0.0379430358988104,10.0,1.0,1.0,cartcache,decoupled
1757890696,0.0988326616346641,10.0,2.0,2.0,catalog,decoupled
1757890696,0.0254871345402005,10.0,1.0,1.0,checkout,decoupled
1757890696,0.0266402818597374,10.0,1.0,1.0,recommendation,decoupled
1757890696,0.0399025075416107,10.0,1.0,1.0,shipping,decoupled
1757890696,0.1980303641880171,10.0,4.0,4.0,currency,decoupled
1757890696,0.0586189885034575,10.0,1.0,1.0,ads,decoupled
1757890696,0.1384946074913546,10.0,3.0,3.0,cart,decoupled
1757890696,0.3956060811147963,10.0,7.0,7.0,frontend,decoupled
1757890696,0.0076585941418964,10.0,1.0,1.0,email,decoupled
1757890710,0.0399378224436682,10.0,1.0,1.0,shipping,decoupled
1757890710,0.0243912071686239,10.0,1.0,1.0,checkout,decoupled
1757890710,0.0970164064016914,10.0,2.0,2.0,catalog,decoupled
1757890710,0.0275196393107884,10.0,1.0,1.0,recommendation,decoupled
1757890710,0.1998033740587501,10.0,4.0,4.0,currency,decoupled
1757890710,0.1349701045703525,10.0,3.0,3.0,cart,decoupled
1757890710,0.0584642509631576,10.0,1.0,1.0,ads,decoupled
1757890710,0.0352079403508772,10.0,1.0,1.0,cartcache,decoupled
1757890710,0.0059739483304472,10.0,1.0,1.0,payment,decoupled
1757890710,0.3972255062774746,10.0,7.0,7.0,frontend,decoupled
1757890710,0.0079278460528579,10.0,1.0,1.0,email,decoupled
1757890725,0.1001884381636904,10.0,2.0,2.0,catalog,decoupled
1757890725,0.1398746070128478,10.0,3.0,3.0,cart,decoupled
1757890725,0.0057874170284562,10.0,1.0,1.0,payment,decoupled
1757890725,0.0379155420699951,10.0,1.0,1.0,cartcache,decoupled
1757890725,0.0249822105672242,10.0,1.0,1.0,checkout,decoupled
1757890725,0.0075772229699244,10.0,1.0,1.0,email,decoupled
1757890725,0.0584292718033397,10.0,1.0,1.0,ads,decoupled
1757890725,0.0275837584396099,10.0,1.0,1.0,recommendation,decoupled
1757890725,0.2046589440197656,10.0,4.0,4.0,currency,decoupled
1757890725,0.038599883892792,10.0,1.0,1.0,shipping,decoupled
1757890725,0.4001237000558887,10.0,7.0,7.0,frontend,decoupled
1757890740,0.0252386647058822,10.0,1.0,1.0,recommendation,decoupled
1757890740,0.2059028479632374,10.0,4.0,4.0,currency,decoupled
1757890740,0.03866249895587,10.0,1.0,1.0,shipping,decoupled
1757890740,0.1391545215755796,10.0,3.0,3.0,cart,decoupled
1757890740,0.0380311088325135,10.0,1.0,1.0,cartcache,decoupled
1757890740,0.0076939885548187,10.0,1.0,1.0,email,decoupled
1757890740,0.0059551426406767,10.0,1.0,1.0,payment,decoupled
1757890740,0.024857577665827,10.0,1.0,1.0,checkout,decoupled
1757890740,0.4007415918673611,10.0,7.0,7.0,frontend,decoupled
1757890740,0.0586338861438374,10.0,1.0,1.0,ads,decoupled
1757890740,0.1027308300976582,10.0,2.0,2.0,catalog,decoupled
1757890755,0.2080095944708504,10.0,4.0,4.0,currency,decoupled
1757890755,0.0058464622649833,10.0,1.0,1.0,payment,decoupled
1757890755,0.1033520129378345,10.0,2.0,2.0,catalog,decoupled
1757890755,0.0242592117441474,10.0,1.0,1.0,checkout,decoupled
1757890755,0.4016080538461846,10.0,7.0,7.0,frontend,decoupled
1757890755,0.058561573192545,10.0,1.0,1.0,ads,decoupled
1757890755,0.0384951668181635,10.0,1.0,1.0,shipping,decoupled
1757890755,0.1436903949067682,10.0,3.0,3.0,cart,decoupled
1757890755,0.0354692760133204,10.0,1.0,1.0,cartcache,decoupled
1757890755,0.0075291377015234,10.0,1.0,1.0,email,decoupled
1757890755,0.027623257293243,10.0,1.0,1.0,recommendation,decoupled
1757890769,0.0243962845946962,10.0,1.0,1.0,checkout,decoupled
1757890769,0.1036767507971255,10.0,2.0,2.0,catalog,decoupled
1757890769,0.0072217758220328,10.0,1.0,1.0,email,decoupled
1757890769,0.2058522739583262,10.0,4.0,4.0,currency,decoupled
1757890769,0.0261078755404234,10.0,1.0,1.0,recommendation,decoupled
1757890769,0.0585289341552756,10.0,1.0,1.0,ads,decoupled
1757890769,0.0383997775376586,10.0,1.0,1.0,shipping,decoupled
1757890769,0.0378069558310402,10.0,1.0,1.0,cartcache,decoupled
1757890769,0.1429492758404185,10.0,3.0,3.0,cart,decoupled
1757890769,0.0058587099255419,10.0,1.0,1.0,payment,decoupled
1757890769,0.4032952546191041,10.0,7.0,7.0,frontend,decoupled
1757890785,0.0278061154039276,10.0,1.0,1.0,recommendation,decoupled
1757890785,0.0398399801285119,10.0,1.0,1.0,shipping,decoupled
1757890785,0.0076031041734756,10.0,1.0,1.0,email,decoupled
1757890785,0.0248040853078504,10.0,1.0,1.0,checkout,decoupled
1757890785,0.4036836731660821,10.0,7.0,7.0,frontend,decoupled
1757890785,0.0058804184895038,10.0,1.0,1.0,payment,decoupled
1757890785,0.140376174001606,10.0,3.0,3.0,cart,decoupled
1757890785,0.0557064094189307,10.0,1.0,1.0,ads,decoupled
1757890785,0.1010777757224268,10.0,2.0,2.0,catalog,decoupled
1757890785,0.0378618813408591,10.0,1.0,1.0,cartcache,decoupled
1757890785,0.2092939513613967,10.0,4.0,4.0,currency,decoupled
1757890799,0.1430381323282659,10.0,3.0,3.0,cart,decoupled
1757890799,0.0397127666583698,10.0,1.0,1.0,shipping,decoupled
1757890799,0.4048192426701151,10.0,7.0,7.0,frontend,decoupled
1757890799,0.0056385025894208,10.0,1.0,1.0,payment,decoupled
1757890799,0.2047456842252679,10.0,4.0,4.0,currency,decoupled
1757890799,0.0246724277879341,10.0,1.0,1.0,checkout,decoupled
1757890799,0.1071934164039068,10.0,2.0,2.0,catalog,decoupled
1757890799,0.0073888864079528,10.0,1.0,1.0,email,decoupled
1757890799,0.0365958447501076,10.0,1.0,1.0,cartcache,decoupled
1757890799,0.0267937705915639,10.0,1.0,1.0,recommendation,decoupled
1757890799,0.0584442834647812,10.0,1.0,1.0,ads,decoupled
1757890815,0.0057568686812959,10.0,1.0,1.0,payment,decoupled
1757890815,0.0385022335543044,10.0,1.0,1.0,shipping,decoupled
1757890815,0.0267741010177612,10.0,1.0,1.0,recommendation,decoupled
1757890815,0.1407003814713633,10.0,3.0,3.0,cart,decoupled
1757890815,0.0378317482135818,10.0,1.0,1.0,cartcache,decoupled
1757890815,0.0245070877157191,10.0,1.0,1.0,checkout,decoupled
1757890815,0.4054184535624897,10.0,7.0,7.0,frontend,decoupled
1757890815,0.0560381040042074,10.0,1.0,1.0,ads,decoupled
1757890815,0.1069583086134592,10.0,2.0,2.0,catalog,decoupled
1757890815,0.0077012400655595,10.0,1.0,1.0,email,decoupled
1757890815,0.2099610463665317,10.0,4.0,4.0,currency,decoupled
1757890830,0.1374196671956273,10.0,3.0,3.0,cart,decoupled
1757890830,0.007247892409932,10.0,1.0,1.0,email,decoupled
1757890830,0.0400665321360823,10.0,1.0,1.0,shipping,decoupled
1757890830,0.0249604824707103,10.0,1.0,1.0,checkout,decoupled
1757890830,0.0380923953413648,10.0,1.0,1.0,cartcache,decoupled
1757890830,0.2137408797435815,10.0,4.0,4.0,currency,decoupled
1757890830,0.0054565076184869,10.0,1.0,1.0,payment,decoupled
1757890830,0.3930917726016275,10.0,7.0,7.0,frontend,decoupled
1757890830,0.1068627181670429,10.0,2.0,2.0,catalog,decoupled
1757890830,0.0277554672249914,10.0,1.0,1.0,recommendation,decoupled
1757890830,0.0544053917647058,10.0,1.0,1.0,ads,decoupled
1757890845,0.0562953810565473,10.0,1.0,1.0,ads,decoupled
1757890845,0.040126520347673,10.0,1.0,1.0,shipping,decoupled
1757890845,0.0362471329228053,10.0,1.0,1.0,cartcache,decoupled
1757890845,0.024767281687475,10.0,1.0,1.0,checkout,decoupled
1757890845,0.0056434364483451,10.0,1.0,1.0,payment,decoupled
1757890845,0.0075520053197489,10.0,1.0,1.0,email,decoupled
1757890845,0.1380860080191694,10.0,3.0,3.0,cart,decoupled
1757890845,0.4072924358891446,10.0,7.0,7.0,frontend,decoupled
1757890845,0.2189382626921011,10.0,4.0,4.0,currency,decoupled
1757890845,0.0269574581548331,10.0,1.0,1.0,recommendation,decoupled
1757890845,0.1052217968126371,10.0,2.0,2.0,catalog,decoupled
1757890860,0.0581512437076928,10.0,1.0,1.0,ads,decoupled
1757890860,0.3921476340517958,10.0,7.0,7.0,frontend,decoupled
1757890860,0.1433290234980419,10.0,3.0,3.0,cart,decoupled
1757890860,0.1072903603239907,10.0,2.0,2.0,catalog,decoupled
1757890860,0.0059175196488941,10.0,1.0,1.0,payment,decoupled
1757890860,0.0365732199739024,10.0,1.0,1.0,cartcache,decoupled
1757890860,0.0251280522815772,10.0,1.0,1.0,checkout,decoupled
1757890860,0.040351529952593,10.0,1.0,1.0,shipping,decoupled
1757890860,0.0074127992993803,10.0,1.0,1.0,email,decoupled
1757890860,0.2117738102408901,10.0,4.0,4.0,currency,decoupled
1757890860,0.027108808027288,10.0,1.0,1.0,recommendation,decoupled
1757890874,0.4063443485926902,10.0,7.0,7.0,frontend,decoupled
1757890874,0.0581434666512917,10.0,1.0,1.0,ads,decoupled
1757890874,0.0249902530264456,10.0,1.0,1.0,checkout,decoupled
1757890874,0.219057580296734,10.0,4.0,4.0,currency,decoupled
1757890874,0.1072222856227486,10.0,2.0,2.0,catalog,decoupled
1757890874,0.0058443640106116,10.0,1.0,1.0,payment,decoupled
1757890874,0.0402047263315468,10.0,1.0,1.0,shipping,decoupled
1757890874,0.1463231546355997,10.0,3.0,3.0,cart,decoupled
1757890874,0.0281835580551598,10.0,1.0,1.0,recommendation,decoupled
1757890874,0.0371170643629455,10.0,1.0,1.0,cartcache,decoupled
1757890874,0.0078389214693087,10.0,1.0,1.0,email,decoupled
1757890889,0.0078353094774006,10.0,1.0,1.0,email,decoupled
1757890889,0.058285384012677,10.0,1.0,1.0,ads,decoupled
1757890889,0.1429759041914663,10.0,3.0,3.0,cart,decoupled
1757890889,0.3935181020558903,10.0,7.0,7.0,frontend,decoupled
1757890889,0.1066194367309557,10.0,2.0,2.0,catalog,decoupled
1757890889,0.2131380370313744,10.0,4.0,4.0,currency,decoupled
1757890889,0.0399148413857322,10.0,1.0,1.0,shipping,decoupled
1757890889,0.0279834015944089,10.0,1.0,1.0,recommendation,decoupled
1757890889,0.0241040830357685,10.0,1.0,1.0,checkout,decoupled
1757890889,0.0055557143018262,10.0,1.0,1.0,payment,decoupled
1757890889,0.0379415912203624,10.0,1.0,1.0,cartcache,decoupled
1757890904,0.0399448302621605,10.0,1.0,1.0,shipping,decoupled
1757890904,0.4057097170516482,10.0,7.0,7.0,frontend,decoupled
1757890904,0.2190384753616502,10.0,4.0,4.0,currency,decoupled
1757890904,0.0280000399649761,10.0,1.0,1.0,recommendation,decoupled
1757890904,0.1069085861811717,10.0,2.0,2.0,catalog,decoupled
1757890904,0.0238294789168149,10.0,1.0,1.0,checkout,decoupled
1757890904,0.0078326358645539,10.0,1.0,1.0,email,decoupled
1757890904,0.0366544771276139,10.0,1.0,1.0,cartcache,decoupled
1757890904,0.0055940484189364,10.0,1.0,1.0,payment,decoupled
1757890904,0.0559778174875675,10.0,1.0,1.0,ads,decoupled
1757890904,0.1425726700634041,10.0,3.0,3.0,cart,decoupled
1757890919,0.4050043351161,10.0,7.0,7.0,frontend,decoupled
1757890919,0.1458081740428062,10.0,3.0,3.0,cart,decoupled
1757890919,0.007989201692727,10.0,1.0,1.0,email,decoupled
1757890919,0.0248162450990597,10.0,1.0,1.0,checkout,decoupled
1757890919,0.0058740218134696,10.0,1.0,1.0,payment,decoupled
1757890919,0.0402665692094889,10.0,1.0,1.0,shipping,decoupled
1757890919,0.0558759945457613,10.0,1.0,1.0,ads,decoupled
1757890919,0.0265023380354312,10.0,1.0,1.0,recommendation,decoupled
1757890919,0.2167168952587232,10.0,4.0,4.0,currency,decoupled
1757890919,0.1073053498067987,10.0,2.0,2.0,catalog,decoupled
1757890919,0.0379794569900995,10.0,1.0,1.0,cartcache,decoupled
1757890933,0.2158118777041194,10.0,4.0,4.0,currency,decoupled
1757890933,0.0281527972404872,10.0,1.0,1.0,recommendation,decoupled
1757890933,0.0401895351222197,10.0,1.0,1.0,shipping,decoupled
1757890933,0.1427255326325769,10.0,3.0,3.0,cart,decoupled
1757890933,0.0058973497831139,10.0,1.0,1.0,payment,decoupled
1757890933,0.0378302208446338,10.0,1.0,1.0,cartcache,decoupled
1757890933,0.0254234172600969,10.0,1.0,1.0,checkout,decoupled
1757890933,0.1054194995970747,10.0,2.0,2.0,catalog,decoupled
1757890933,0.0577221592672522,10.0,1.0,1.0,ads,decoupled
1757890933,0.4050705736396807,10.0,7.0,7.0,frontend,decoupled
1757890933,0.0078732752267002,10.0,1.0,1.0,email,decoupled
1757890948,0.0274845108880023,10.0,1.0,1.0,recommendation,decoupled
1757890948,0.0404534855915149,10.0,1.0,1.0,shipping,decoupled
1757890948,0.0377466372079354,10.0,1.0,1.0,cartcache,decoupled
1757890948,0.1056106176177856,10.0,2.0,2.0,catalog,decoupled
1757890948,0.0079194008032862,10.0,1.0,1.0,email,decoupled
1757890948,0.0059227243719904,10.0,1.0,1.0,payment,decoupled
1757890948,0.1454486449273992,10.0,3.0,3.0,cart,decoupled
1757890948,0.40534544784916,10.0,7.0,7.0,frontend,decoupled
1757890948,0.2158906149018384,10.0,4.0,4.0,currency,decoupled
1757890948,0.0252719285636654,10.0,1.0,1.0,checkout,decoupled
1757890948,0.0576345903368925,10.0,1.0,1.0,ads,decoupled
1757890962,0.1427290556631854,10.0,3.0,3.0,cart,decoupled
1757890962,0.1029810728763882,10.0,2.0,2.0,catalog,decoupled
1757890962,0.0377272127455247,10.0,1.0,1.0,cartcache,decoupled
1757890962,0.0386276363869135,10.0,1.0,1.0,shipping,decoupled
1757890962,0.2151871161399452,10.0,4.0,4.0,currency,decoupled
1757890962,0.0080420946139897,10.0,1.0,1.0,email,decoupled
1757890962,0.3857907987345934,10.0,7.0,7.0,frontend,decoupled
1757890962,0.0059865026648492,10.0,1.0,1.0,payment,decoupled
1757890962,0.0548992637824891,10.0,1.0,1.0,ads,decoupled
1757890962,0.0283605635069107,10.0,1.0,1.0,recommendation,decoupled
1757890962,0.0255381254759009,10.0,1.0,1.0,checkout,decoupled
1757890977,0.1069649070900249,10.0,2.0,2.0,catalog,decoupled
1757890977,0.0376926631963228,10.0,1.0,1.0,cartcache,decoupled
1757890977,0.1448072171974267,10.0,3.0,3.0,cart,decoupled
1757890977,0.4050432979897397,10.0,7.0,7.0,frontend,decoupled
1757890977,0.0576967540896654,10.0,1.0,1.0,ads,decoupled
1757890977,0.0281679276574202,10.0,1.0,1.0,recommendation,decoupled
1757890977,0.0080081247524544,10.0,1.0,1.0,email,decoupled
1757890977,0.005995060011314,10.0,1.0,1.0,payment,decoupled
1757890977,0.0388459978613432,10.0,1.0,1.0,shipping,decoupled
1757890977,0.217548097282004,10.0,4.0,4.0,currency,decoupled
1757890977,0.0253996015634155,10.0,1.0,1.0,checkout,decoupled
1757890992,0.0059159760646954,10.0,1.0,1.0,payment,decoupled
1757890992,0.1018993636277377,10.0,2.0,2.0,catalog,decoupled
1757890992,0.0376655688074345,10.0,1.0,1.0,cartcache,decoupled
1757890992,0.0077056448731941,10.0,1.0,1.0,email,decoupled
1757890992,0.1450727560646169,10.0,3.0,3.0,cart,decoupled
1757890992,0.0554995027463791,10.0,1.0,1.0,ads,decoupled
1757890992,0.2140046615814697,10.0,4.0,4.0,currency,decoupled
1757890992,0.4053351988843392,10.0,7.0,7.0,frontend,decoupled
1757890992,0.0282076393286327,10.0,1.0,1.0,recommendation,decoupled
1757890992,0.0395975039672163,10.0,1.0,1.0,shipping,decoupled
1757890992,0.0241365907323238,10.0,1.0,1.0,checkout,decoupled
1757891006,0.2139831179369488,10.0,4.0,4.0,currency,decoupled
1757891006,0.0080943963817453,10.0,1.0,1.0,email,decoupled
1757891006,0.0059575204144349,10.0,1.0,1.0,payment,decoupled
1757891006,0.0375775571163884,10.0,1.0,1.0,cartcache,decoupled
1757891006,0.4058265510399022,10.0,7.0,7.0,frontend,decoupled
1757891006,0.0282014948122697,10.0,1.0,1.0,recommendation,decoupled
1757891006,0.0578119243140284,10.0,1.0,1.0,ads,decoupled
1757891006,0.0399062285077904,10.0,1.0,1.0,shipping,decoupled
1757891006,0.1053518009135737,10.0,2.0,2.0,catalog,decoupled
1757891006,0.0249370217500654,10.0,1.0,1.0,checkout,decoupled
1757891006,0.1453283460012793,10.0,3.0,3.0,cart,decoupled
1757891021,0.028120029252469,10.0,1.0,1.0,recommendation,decoupled
1757891021,0.0386809241673422,10.0,1.0,1.0,shipping,decoupled
1757891021,0.0359631853184259,10.0,1.0,1.0,cartcache,decoupled
1757891021,0.0079559091395118,10.0,1.0,1.0,email,decoupled
1757891021,0.0057147747549055,10.0,1.0,1.0,payment,decoupled
1757891021,0.1034284857190351,10.0,2.0,2.0,catalog,decoupled
1757891021,0.026261059447792,10.0,1.0,1.0,checkout,decoupled
1757891021,0.0576546386207489,10.0,1.0,1.0,ads,decoupled
1757891021,0.2128397041095587,10.0,4.0,4.0,currency,decoupled
1757891021,0.3878832743008921,10.0,7.0,7.0,frontend,decoupled
1757891021,0.1410453083001085,10.0,3.0,3.0,cart,decoupled
1757891035,0.0282356005277462,10.0,1.0,1.0,recommendation,decoupled
1757891035,0.0537130900283032,10.0,1.0,1.0,ads,decoupled
1757891035,0.3863153150002981,10.0,7.0,7.0,frontend,decoupled
1757891035,0.0388109467953081,10.0,1.0,1.0,shipping,decoupled
1757891035,0.0364949645918142,10.0,1.0,1.0,cartcache,decoupled
1757891035,0.1072413219953331,10.0,2.0,2.0,catalog,decoupled
1757891035,0.0264583133088608,10.0,1.0,1.0,checkout,decoupled
1757891035,0.0082172982372824,10.0,1.0,1.0,email,decoupled
1757891035,0.1450774668370889,10.0,3.0,3.0,cart,decoupled
1757891035,0.0059937610759109,10.0,1.0,1.0,payment,decoupled
1757891035,0.2177876746710939,10.0,4.0,4.0,currency,decoupled
1757891050,0.0400290721093391,10.0,1.0,1.0,shipping,decoupled
1757891050,0.0376560438695645,10.0,1.0,1.0,cartcache,decoupled
1757891050,0.0265400632007272,10.0,1.0,1.0,checkout,decoupled
1757891050,0.008086112218597,10.0,1.0,1.0,email,decoupled
1757891050,0.1432386087254932,10.0,3.0,3.0,cart,decoupled
1757891050,0.0575729722575938,10.0,1.0,1.0,ads,decoupled
1757891050,0.0279446650105724,10.0,1.0,1.0,recommendation,decoupled
1757891050,0.0060006166019175,10.0,1.0,1.0,payment,decoupled
1757891050,0.107273841954847,10.0,2.0,2.0,catalog,decoupled
1757891050,0.21232107298423,10.0,4.0,4.0,currency,decoupled
1757891050,0.4053357818128111,10.0,7.0,7.0,frontend,decoupled
1757891065,0.0060335995079248,10.0,1.0,1.0,payment,decoupled
1757891065,0.0265167858318335,10.0,1.0,1.0,checkout,decoupled
1757891065,0.0376595731200811,10.0,1.0,1.0,cartcache,decoupled
1757891065,0.0281697594597126,10.0,1.0,1.0,recommendation,decoupled
1757891065,0.0547633625192737,10.0,1.0,1.0,ads,decoupled
1757891065,0.2179560569869676,10.0,4.0,4.0,currency,decoupled
1757891065,0.1040163417513681,10.0,2.0,2.0,catalog,decoupled
1757891065,0.0083557364878759,10.0,1.0,1.0,email,decoupled
1757891065,0.4049211525690765,10.0,7.0,7.0,frontend,decoupled
1757891065,0.1419383631287848,10.0,3.0,3.0,cart,decoupled
1757891065,0.039922327561534,10.0,1.0,1.0,shipping,decoupled
1757891079,0.2160739924067328,10.0,4.0,4.0,currency,decoupled
1757891079,0.0573796788560459,10.0,1.0,1.0,ads,decoupled
1757891079,0.0401541301452378,10.0,1.0,1.0,shipping,decoupled
1757891079,0.0056721047734068,10.0,1.0,1.0,payment,decoupled
1757891079,0.1436019700626561,10.0,3.0,3.0,cart,decoupled
1757891079,0.0376287389906038,10.0,1.0,1.0,cartcache,decoupled
1757891079,0.0264569786874351,10.0,1.0,1.0,recommendation,decoupled
1757891079,0.025615114599349,10.0,1.0,1.0,checkout,decoupled
1757891079,0.1073188585682695,10.0,2.0,2.0,catalog,decoupled
1757891079,0.3885914875169479,10.0,7.0,7.0,frontend,decoupled
1757891079,0.0084195456506321,10.0,1.0,1.0,email,decoupled
1757891094,0.1418364524067524,10.0,3.0,3.0,cart,decoupled
1757891094,0.2179638749827734,10.0,4.0,4.0,currency,decoupled
1757891094,0.0282283864000605,10.0,1.0,1.0,recommendation,decoupled
1757891094,0.0060593223557684,10.0,1.0,1.0,payment,decoupled
1757891094,0.0083294322957212,10.0,1.0,1.0,email,decoupled
1757891094,0.0400691056045943,10.0,1.0,1.0,shipping,decoupled
1757891094,0.4057840030947975,10.0,7.0,7.0,frontend,decoupled
1757891094,0.0573028359767072,10.0,1.0,1.0,ads,decoupled
1757891094,0.1030339791694017,10.0,2.0,2.0,catalog,decoupled
1757891094,0.0376053692447425,10.0,1.0,1.0,cartcache,decoupled
1757891094,0.0255349692602001,10.0,1.0,1.0,checkout,decoupled
1757891109,0.0269681097875676,10.0,1.0,1.0,recommendation,decoupled
1757891109,0.1036821454093307,10.0,2.0,2.0,catalog,decoupled
1757891109,0.0259371091010318,10.0,1.0,1.0,checkout,decoupled
1757891109,0.0375381979620838,10.0,1.0,1.0,cartcache,decoupled
1757891109,0.0080966470369975,10.0,1.0,1.0,email,decoupled
1757891109,0.2125993686005192,10.0,4.0,4.0,currency,decoupled
1757891109,0.143361579028821,10.0,3.0,3.0,cart,decoupled
1757891109,0.0575984056138176,10.0,1.0,1.0,ads,decoupled
1757891109,0.405274919470566,10.0,7.0,7.0,frontend,decoupled
1757891109,0.0393724829342406,10.0,1.0,1.0,shipping,decoupled
1757891109,0.0057596399315557,10.0,1.0,1.0,payment,decoupled
1757891123,0.0272585435878185,10.0,1.0,1.0,recommendation,decoupled
1757891123,0.0058964696290815,10.0,1.0,1.0,payment,decoupled
1757891123,0.0394371603987506,10.0,1.0,1.0,shipping,decoupled
1757891123,0.1390088303942874,10.0,3.0,3.0,cart,decoupled
1757891123,0.05785871901671,10.0,1.0,1.0,ads,decoupled
1757891123,0.405431461132791,10.0,7.0,7.0,frontend,decoupled
1757891123,0.0234683461111111,10.0,1.0,1.0,checkout,decoupled
1757891123,0.1070544604226324,10.0,2.0,2.0,catalog,decoupled
1757891123,0.0372746572465415,10.0,1.0,1.0,cartcache,decoupled
1757891123,0.2120313626246159,10.0,4.0,4.0,currency,decoupled
1757891123,0.0080527054333183,10.0,1.0,1.0,email,decoupled
1757891138,0.0282033362973501,10.0,1.0,1.0,recommendation,decoupled
1757891138,0.1444447231307499,10.0,3.0,3.0,cart,decoupled
1757891138,0.0373575523765447,10.0,1.0,1.0,cartcache,decoupled
1757891138,0.007815874449012,10.0,1.0,1.0,email,decoupled
1757891138,0.0056084737428257,10.0,1.0,1.0,payment,decoupled
1757891138,0.0395674901161419,10.0,1.0,1.0,shipping,decoupled
1757891138,0.0260886809022639,10.0,1.0,1.0,checkout,decoupled
1757891138,0.2160670677847888,10.0,4.0,4.0,currency,decoupled
1757891138,0.0578510279661342,10.0,1.0,1.0,ads,decoupled
1757891138,0.4052681312810342,10.0,7.0,7.0,frontend,decoupled
1757891138,0.1070363919177636,10.0,2.0,2.0,catalog,decoupled
1757891153,0.0553827198614231,10.0,1.0,1.0,ads,decoupled
1757891153,0.1442498049952426,10.0,3.0,3.0,cart,decoupled
1757891153,0.0256043869602444,10.0,1.0,1.0,checkout,decoupled
1757891153,0.0058040534890527,10.0,1.0,1.0,payment,decoupled
1757891153,0.0353481865774776,10.0,1.0,1.0,cartcache,decoupled
1757891153,0.0075383748051431,10.0,1.0,1.0,email,decoupled
1757891153,0.1070737727588387,10.0,2.0,2.0,catalog,decoupled
1757891153,0.028162089537521,10.0,1.0,1.0,recommendation,decoupled
1757891153,0.2150124544877482,10.0,4.0,4.0,currency,decoupled
1757891153,0.0391757759689049,10.0,1.0,1.0,shipping,decoupled
1757891153,0.4059618895040559,10.0,7.0,7.0,frontend,decoupled
1757891167,0.1444097104784034,10.0,3.0,3.0,cart,decoupled
1757891167,0.0557832740943924,10.0,1.0,1.0,ads,decoupled
1757891167,0.0272262974051207,10.0,1.0,1.0,recommendation,decoupled
1757891167,0.0374347659085623,10.0,1.0,1.0,cartcache,decoupled
1757891167,0.0256345203606195,10.0,1.0,1.0,checkout,decoupled
1757891167,0.008115367881659,10.0,1.0,1.0,email,decoupled
1757891167,0.039612661664931,10.0,1.0,1.0,shipping,decoupled
1757891167,0.2181921086336596,10.0,4.0,4.0,currency,decoupled
1757891167,0.4060043347106684,10.0,7.0,7.0,frontend,decoupled
1757891167,0.0058985107651586,10.0,1.0,1.0,payment,decoupled
1757891167,0.1052385178173537,10.0,2.0,2.0,catalog,decoupled
1757891182,0.3820976646005548,10.0,7.0,7.0,frontend,decoupled
1757891182,0.0283433256946956,10.0,1.0,1.0,recommendation,decoupled
1757891182,0.0056679951558368,10.0,1.0,1.0,payment,decoupled
1757891182,0.0579562852646117,10.0,1.0,1.0,ads,decoupled
1757891182,0.212099443039143,10.0,4.0,4.0,currency,decoupled
1757891182,0.1421817871092576,10.0,3.0,3.0,cart,decoupled
1757891182,0.0357149174517129,10.0,1.0,1.0,cartcache,decoupled
1757891182,0.1060561027641509,10.0,2.0,2.0,catalog,decoupled
1757891182,0.0081363848132953,10.0,1.0,1.0,email,decoupled
1757891182,0.0397381591117694,10.0,1.0,1.0,shipping,decoupled
1757891182,0.024085701629464,10.0,1.0,1.0,checkout,decoupled
1757891197,0.2161276452341796,10.0,4.0,4.0,currency,decoupled
1757891197,0.1074565232336559,10.0,2.0,2.0,catalog,decoupled
1757891197,0.4065843262495278,10.0,7.0,7.0,frontend,decoupled
1757891197,0.0578314506207358,10.0,1.0,1.0,ads,decoupled
1757891197,0.0060395841158073,10.0,1.0,1.0,payment,decoupled
1757891197,0.0373366606138478,10.0,1.0,1.0,cartcache,decoupled
1757891197,0.0080782358671629,10.0,1.0,1.0,email,decoupled
1757891197,0.144664663119281,10.0,3.0,3.0,cart,decoupled
1757891197,0.0281989655082977,10.0,1.0,1.0,recommendation,decoupled
1757891197,0.0395998090086622,10.0,1.0,1.0,shipping,decoupled
1757891197,0.0256758740455624,10.0,1.0,1.0,checkout,decoupled
1757891212,0.0281999123656331,10.0,1.0,1.0,recommendation,decoupled
1757891212,0.0060190005826892,10.0,1.0,1.0,payment,decoupled
1757891212,0.0080479661954607,10.0,1.0,1.0,email,decoupled
1757891212,0.0373643330233482,10.0,1.0,1.0,cartcache,decoupled
1757891212,0.3864587307163901,10.0,7.0,7.0,frontend,decoupled
1757891212,0.0578222660421145,10.0,1.0,1.0,ads,decoupled
1757891212,0.1425474030008669,10.0,3.0,3.0,cart,decoupled
1757891212,0.0372057451223343,10.0,1.0,1.0,shipping,decoupled
1757891212,0.2102799497691027,10.0,4.0,4.0,currency,decoupled
1757891212,0.1056295685853265,10.0,2.0,2.0,catalog,decoupled
1757891212,0.0240308158063441,10.0,1.0,1.0,checkout,decoupled
1757891226,0.0279579127973691,10.0,1.0,1.0,recommendation,decoupled
1757891226,0.1070538388733658,10.0,2.0,2.0,catalog,decoupled
1757891226,0.0076694637060719,10.0,1.0,1.0,email,decoupled
1757891226,0.0373848154131042,10.0,1.0,1.0,cartcache,decoupled
1757891226,0.0559450166547441,10.0,1.0,1.0,ads,decoupled
1757891226,0.2166734260768527,10.0,4.0,4.0,currency,decoupled
1757891226,0.4061536446399861,10.0,7.0,7.0,frontend,decoupled
1757891226,0.0060169625755762,10.0,1.0,1.0,payment,decoupled
1757891226,0.0375978675686636,10.0,1.0,1.0,shipping,decoupled
1757891226,0.0254116942448047,10.0,1.0,1.0,checkout,decoupled
1757891226,0.1445902100215059,10.0,3.0,3.0,cart,decoupled
1757891241,0.027967440575506,10.0,1.0,1.0,recommendation,decoupled
1757891241,0.1051353728033233,10.0,2.0,2.0,catalog,decoupled
1757891241,0.0080216601134283,10.0,1.0,1.0,email,decoupled
1757891241,0.0374770675176718,10.0,1.0,1.0,cartcache,decoupled
1757891241,0.0243929378700534,10.0,1.0,1.0,checkout,decoupled
1757891241,0.2179729026376612,10.0,4.0,4.0,currency,decoupled
1757891241,0.0578991617894004,10.0,1.0,1.0,ads,decoupled
1757891241,0.1385064412770003,10.0,3.0,3.0,cart,decoupled
1757891241,0.0057161197032733,10.0,1.0,1.0,payment,decoupled
1757891241,0.4066666916275448,10.0,7.0,7.0,frontend,decoupled
1757891241,0.0384331749765563,10.0,1.0,1.0,shipping,decoupled
1757891255,0.220046533787549,10.0,4.0,4.0,currency,decoupled
1757891255,0.0376866597462179,10.0,1.0,1.0,cartcache,decoupled
1757891255,0.3941277836629975,10.0,7.0,7.0,frontend,decoupled
1757891255,0.1453563411413466,10.0,3.0,3.0,cart,decoupled
1757891255,0.0579163601607164,10.0,1.0,1.0,ads,decoupled
1757891255,0.1069580831899265,10.0,2.0,2.0,catalog,decoupled
1757891255,0.005989066795597,10.0,1.0,1.0,payment,decoupled
1757891255,0.0280370186117289,10.0,1.0,1.0,recommendation,decoupled
1757891255,0.0078678780999073,10.0,1.0,1.0,email,decoupled
1757891255,0.0260137486848465,10.0,1.0,1.0,checkout,decoupled
1757891255,0.0398449497767856,10.0,1.0,1.0,shipping,decoupled
1757891270,0.0082560491305704,10.0,1.0,1.0,email,decoupled
1757891270,0.1028306542545895,10.0,2.0,2.0,catalog,decoupled
1757891270,0.0402039000677875,10.0,1.0,1.0,shipping,decoupled
1757891270,0.0376710961731967,10.0,1.0,1.0,cartcache,decoupled
1757891270,0.0250105631561276,10.0,1.0,1.0,checkout,decoupled
1757891270,0.2184502704397198,10.0,4.0,4.0,currency,decoupled
1757891270,0.028118223614409,10.0,1.0,1.0,recommendation,decoupled
1757891270,0.1456794539176041,10.0,3.0,3.0,cart,decoupled
1757891270,0.4076923891096832,10.0,7.0,7.0,frontend,decoupled
1757891270,0.0555784589779079,10.0,1.0,1.0,ads,decoupled
1757891270,0.0056608882275132,10.0,1.0,1.0,payment,decoupled
1757891285,0.037864959873853,10.0,1.0,1.0,cartcache,decoupled
1757891285,0.2208359609527077,10.0,4.0,4.0,currency,decoupled
1757891285,0.0578479734328765,10.0,1.0,1.0,ads,decoupled
1757891285,0.0060470534059965,10.0,1.0,1.0,payment,decoupled
1757891285,0.1074902006751786,10.0,2.0,2.0,catalog,decoupled
1757891285,0.0082563550059334,10.0,1.0,1.0,email,decoupled
1757891285,0.0399761677048226,10.0,1.0,1.0,shipping,decoupled
1757891285,0.0281412758931578,10.0,1.0,1.0,recommendation,decoupled
1757891285,0.1437415741128042,10.0,3.0,3.0,cart,decoupled
1757891285,0.40765113143711,10.0,7.0,7.0,frontend,decoupled
1757891285,0.0260153943528253,10.0,1.0,1.0,checkout,decoupled
1757891951,,,,,monolith,monolith
1757891961,,,,,monolith,monolith
1757891972,,,,,monolith,monolith
1757891982,,,,,monolith,monolith
1757891992,,,,,monolith,monolith
1757892003,,,,,monolith,monolith
1757892013,,,,,monolith,monolith
1757892024,,,,,monolith,monolith
1757892034,,,,,monolith,monolith
1757892044,,,,,monolith,monolith
1757892055,,,,,monolith,monolith
1757892065,,,,,monolith,monolith
1757892076,,,,,monolith,monolith
1757892086,,,,,monolith,monolith
1757892097,,,,,monolith,monolith
1757892107,,,,,monolith,monolith
1757892118,,,,,monolith,monolith
1757892128,,,,,monolith,monolith
1757892139,,,,,monolith,monolith
1757892149,,,,,monolith,monolith
1757892160,,,,,monolith,monolith
1757892170,,,,,monolith,monolith
1757892180,,,,,monolith,monolith
1757892191,,,,,monolith,monolith
1757892201,,,,,monolith,monolith
1757892212,,,,,monolith,monolith
1757892222,,,,,monolith,monolith
1757892232,,,,,monolith,monolith
1757892243,,,,,monolith,monolith
1757892253,,,,,monolith,monolith
1757892264,,,,,monolith,monolith
1757892274,,,,,monolith,monolith
1757892285,,,,,monolith,monolith
1757892295,,,,,monolith,monolith
1757892306,,,,,monolith,monolith
1757892316,,,,,monolith,monolith
1757892327,,,,,monolith,monolith
1757892337,,,,,monolith,monolith
1757892347,,,,,monolith,monolith
1757892358,,,,,monolith,monolith
1757892368,,,,,monolith,monolith
1757892379,,,,,monolith,monolith
1757892389,,,,,monolith,monolith
1757892400,,,,,monolith,monolith
1757892410,,,,,monolith,monolith
1757892421,,,,,monolith,monolith
1757892431,,,,,monolith,monolith
1757892442,,,,,monolith,monolith
1757892452,,,,,monolith,monolith
1757892463,,,,,monolith,monolith
1757892473,,,,,monolith,monolith
1757892484,,,,,monolith,monolith
1757892494,,,,,monolith,monolith
1757892504,,,,,monolith,monolith
1757892515,,,,,monolith,monolith
1757892525,,,,,monolith,monolith
1757892536,,,,,monolith,monolith
1757892546,,,,,monolith,monolith
1757892557,,,,,monolith,monolith
1757892567,,,,,monolith,monolith
1757892577,,,,,monolith,monolith
1757892588,,,,,monolith,monolith
1757892598,,,,,monolith,monolith
1757892609,,,,,monolith,monolith
1757892619,,,,,monolith,monolith
1757892630,,,,,monolith,monolith
1757892640,,,,,monolith,monolith
1757892651,,,,,monolith,monolith
1757892661,,,,,monolith,monolith
1757892672,,,,,monolith,monolith
1757892682,,,,,monolith,monolith
1757892693,,,,,monolith,monolith
1757892703,,,,,monolith,monolith
1757892714,,,,,monolith,monolith
1757892724,,,,,monolith,monolith
1757892735,,,,,monolith,monolith
1757892745,,,,,monolith,monolith
1757892755,,,,,monolith,monolith
1757892766,,,,,monolith,monolith
1757892776,,,,,monolith,monolith
1757892787,,,,,monolith,monolith
1757892797,,,,,monolith,monolith
1757892807,,,,,monolith,monolith
1757892818,,,,,monolith,monolith
1757892828,,,,,monolith,monolith
1757892839,,,,,monolith,monolith
1757892849,,,,,monolith,monolith
1757892860,,,,,monolith,monolith
1757892870,,,,,monolith,monolith
1757892880,,,,,monolith,monolith
1757892891,,,,,monolith,monolith
1757892901,,,,,monolith,monolith
1757892911,,,,,monolith,monolith
1757893661,0.0002151112708898,10.0,2.0,2.0,edge,functional
1757893661,8.78844444444e-05,10.0,0.0,1.0,cart,functional
1757893661,0.0001043533333333,10.0,2.0,2.0,ordering,functional
1757893661,0.0001197984126305,10.0,0.0,1.0,catalog,functional
1757893672,0.000271310954142,10.0,2.0,2.0,edge,functional
1757893672,0.0001423380873551,10.0,2.0,2.0,ordering,functional
1757893672,0.0001540408155797,10.0,0.0,1.0,cart,functional
1757893672,0.0001321346924945,10.0,0.0,1.0,catalog,functional
1757893684,0.0030438685580915,10.0,0.0,1.0,cart,functional
1757893684,0.0042482607446814,10.0,2.0,2.0,ordering,functional
1757893684,0.0063264291666451,10.0,2.0,2.0,edge,functional
1757893684,0.0046262647010625,10.0,0.0,1.0,catalog,functional
1757893696,0.0146187708176697,10.0,1.0,1.0,catalog,functional
1757893696,0.0384270071246658,10.0,2.0,2.0,edge,functional
1757893696,0.0234124879226641,10.0,2.0,2.0,ordering,functional
1757893696,0.0093588836312388,10.0,1.0,1.0,cart,functional
1757893707,0.0426273727177788,10.0,2.0,2.0,edge,functional
1757893707,0.0162130096403935,10.0,1.0,1.0,catalog,functional
1757893707,0.0173424968938227,10.0,1.0,1.0,cart,functional
1757893707,0.0318448732457444,10.0,2.0,2.0,ordering,functional
1757893719,0.0440507208125542,10.0,2.0,2.0,ordering,functional
1757893719,0.0190795352697345,10.0,1.0,1.0,cart,functional
1757893719,0.0236312002660144,10.0,1.0,1.0,catalog,functional
1757893719,0.0618035468271728,10.0,2.0,2.0,edge,functional
1757893731,0.0840976300339751,10.0,2.0,2.0,edge,functional
1757893731,0.0308257221438982,10.0,1.0,1.0,catalog,functional
1757893731,0.0242558318998737,10.0,1.0,1.0,cart,functional
1757893731,0.0551998490497835,10.0,2.0,2.0,ordering,functional
1757893744,0.0542825875132275,10.0,2.0,2.0,ordering,functional
1757893744,0.0298770717694037,10.0,1.0,1.0,cart,functional
1757893744,0.0303666468518518,10.0,1.0,1.0,catalog,functional
1757893744,0.0837905406768452,10.0,2.0,2.0,edge,functional
1757893756,0.1095608486469475,10.0,6.0,6.0,edge,functional
1757893756,0.0405240085897934,10.0,2.0,2.0,catalog,functional
1757893756,0.075683273095711,10.0,4.0,4.0,ordering,functional
1757893756,0.0398967086455369,10.0,2.0,2.0,cart,functional
1757893768,0.0884758814228222,10.0,4.0,4.0,ordering,functional
1757893768,0.1288077278941038,10.0,6.0,6.0,edge,functional
1757893768,0.0465209802304202,10.0,2.0,2.0,cart,functional
1757893768,0.0441391552337442,10.0,2.0,2.0,catalog,functional
1757893780,0.1449270127985777,10.0,6.0,6.0,edge,functional
1757893780,0.0495814089147852,10.0,2.0,2.0,cart,functional
1757893780,0.056823238792429,10.0,2.0,2.0,catalog,functional
1757893780,0.1026661956485259,10.0,4.0,4.0,ordering,functional
1757893792,0.1050123967515345,10.0,4.0,4.0,ordering,functional
1757893792,0.0664513854589041,10.0,2.0,2.0,catalog,functional
1757893792,0.161975715013461,10.0,6.0,6.0,edge,functional
1757893792,0.0593233640642586,10.0,2.0,2.0,cart,functional
1757893804,0.0734224277684111,10.0,2.0,2.0,catalog,functional
1757893804,0.1162645839920019,10.0,4.0,4.0,ordering,functional
1757893804,0.0581579118055555,10.0,2.0,2.0,cart,functional
1757893804,0.1568473873244497,10.0,6.0,6.0,edge,functional
1757893815,0.1993412238151417,10.0,6.0,6.0,edge,functional
1757893815,0.1328375438480208,10.0,4.0,4.0,ordering,functional
1757893815,0.0804664319857741,10.0,2.0,2.0,catalog,functional
1757893815,0.0712565744781904,10.0,2.0,2.0,cart,functional
1757893827,0.1470373459828233,10.0,4.0,4.0,ordering,functional
1757893827,0.0875394126158591,10.0,2.0,2.0,catalog,functional
1757893827,0.077942962295172,10.0,2.0,2.0,cart,functional
1757893827,0.2154148483563679,10.0,6.0,6.0,edge,functional
1757893839,0.094183165570709,10.0,2.0,2.0,catalog,functional
1757893839,0.2162079211475036,10.0,6.0,6.0,edge,functional
1757893839,0.0840618981506016,10.0,2.0,2.0,cart,functional
1757893839,0.1506943900521721,10.0,4.0,4.0,ordering,functional
1757893850,0.2362752680767181,10.0,6.0,6.0,edge,functional
1757893850,0.0875441450777127,10.0,2.0,2.0,cart,functional
1757893850,0.1611480206676587,10.0,4.0,4.0,ordering,functional
1757893850,0.0985892491159582,10.0,2.0,2.0,catalog,functional
1757893864,0.1773059982318567,10.0,4.0,4.0,ordering,functional
1757893864,0.1088846374702765,10.0,2.0,2.0,catalog,functional
1757893864,0.2630935875056016,10.0,6.0,6.0,edge,functional
1757893864,0.0941316089578288,10.0,2.0,2.0,cart,functional
1757893875,0.278996299843412,10.0,7.0,7.0,edge,functional
1757893875,0.1893660031364588,10.0,5.0,5.0,ordering,functional
1757893875,0.1020131956928986,10.0,3.0,3.0,cart,functional
1757893875,0.1073893214021164,10.0,3.0,3.0,catalog,functional
1757893887,0.1126289053749146,10.0,3.0,3.0,cart,functional
1757893887,0.29806050851791,10.0,7.0,7.0,edge,functional
1757893887,0.1261470088967056,10.0,3.0,3.0,catalog,functional
1757893887,0.2075298568576392,10.0,5.0,5.0,ordering,functional
1757893899,0.3155036134350473,10.0,7.0,7.0,edge,functional
1757893899,0.1195130377620072,10.0,3.0,3.0,cart,functional
1757893899,0.2168067177055017,10.0,5.0,5.0,ordering,functional
1757893899,0.1316879234141775,10.0,3.0,3.0,catalog,functional
1757893911,0.2277020927992002,10.0,5.0,5.0,ordering,functional
1757893911,0.1374452136550235,10.0,3.0,3.0,catalog,functional
1757893911,0.3330079696658039,10.0,7.0,7.0,edge,functional
1757893911,0.1217458740632485,10.0,3.0,3.0,cart,functional
1757893922,0.1452168796796938,10.0,3.0,3.0,catalog,functional
1757893922,0.1319340452798681,10.0,3.0,3.0,cart,functional
1757893922,0.2314818206023147,10.0,5.0,5.0,ordering,functional
1757893922,0.3491192634618034,10.0,7.0,7.0,edge,functional
1757893934,0.2451639891767951,10.0,5.0,5.0,ordering,functional
1757893934,0.3667155959151863,10.0,7.0,7.0,edge,functional
1757893934,0.1342391664792181,10.0,3.0,3.0,cart,functional
1757893934,0.1544135920512798,10.0,3.0,3.0,catalog,functional
1757893946,0.3844446507366884,10.0,7.0,7.0,edge,functional
1757893946,0.1467570883670776,10.0,3.0,3.0,cart,functional
1757893946,0.1641991094005124,10.0,3.0,3.0,catalog,functional
1757893946,0.2618229205889615,10.0,5.0,5.0,ordering,functional
1757893958,0.1688079764251502,10.0,3.0,3.0,catalog,functional
1757893958,0.3871801540303227,10.0,7.0,7.0,edge,functional
1757893958,0.1515821383354739,10.0,3.0,3.0,cart,functional
1757893958,0.2706788673243406,10.0,5.0,5.0,ordering,functional
1757893970,0.2814125971597405,10.0,5.0,5.0,ordering,functional
1757893970,0.1563986925183648,10.0,3.0,3.0,cart,functional
1757893970,0.4115329097367753,10.0,7.0,7.0,edge,functional
1757893970,0.1763740562225163,10.0,3.0,3.0,catalog,functional
1757893981,0.4129181120671391,10.0,7.0,7.0,edge,functional
1757893981,0.173371227878506,10.0,3.0,3.0,catalog,functional
1757893981,0.2813412856429509,10.0,5.0,5.0,ordering,functional
1757893981,0.160044977900907,10.0,3.0,3.0,cart,functional
1757893993,0.3885449550615635,10.0,7.0,7.0,edge,functional
1757893993,0.2670816019902753,10.0,5.0,5.0,ordering,functional
1757893993,0.1579458265096501,10.0,3.0,3.0,cart,functional
1757893993,0.1783354140419086,10.0,3.0,3.0,catalog,functional
1757894005,0.2829155588171721,10.0,5.0,5.0,ordering,functional
1757894005,0.173895980345754,10.0,3.0,3.0,catalog,functional
1757894005,0.3990745071226822,10.0,7.0,7.0,edge,functional
1757894005,0.1592496093475863,10.0,3.0,3.0,cart,functional
1757894017,0.1812813932628215,10.0,3.0,3.0,catalog,functional
1757894017,0.1633019093110009,10.0,3.0,3.0,cart,functional
1757894017,0.2817008736916506,10.0,5.0,5.0,ordering,functional
1757894017,0.413031975367034,10.0,7.0,7.0,edge,functional
1757894028,0.2840834386475308,10.0,5.0,5.0,ordering,functional
1757894028,0.1828177390699823,10.0,3.0,3.0,catalog,functional
1757894028,0.4171847794616884,10.0,7.0,7.0,edge,functional
1757894028,0.1651132034925207,10.0,3.0,3.0,cart,functional
1757894040,0.4042201820183397,10.0,7.0,7.0,edge,functional
1757894040,0.2886089648952758,10.0,5.0,5.0,ordering,functional
1757894040,0.1648484822766362,10.0,3.0,3.0,cart,functional
1757894040,0.1840276567821149,10.0,3.0,3.0,catalog,functional
1757894052,0.1673428152966538,10.0,3.0,3.0,cart,functional
1757894052,0.403526907838499,10.0,7.0,7.0,edge,functional
1757894052,0.1840408706608274,10.0,3.0,3.0,catalog,functional
1757894052,0.28429952941482,10.0,5.0,5.0,ordering,functional
1757894064,0.4161949955071504,10.0,7.0,7.0,edge,functional
1757894064,0.1593017164289742,10.0,3.0,3.0,cart,functional
1757894064,0.2771600732404314,10.0,5.0,5.0,ordering,functional
1757894064,0.1832936620762204,10.0,3.0,3.0,catalog,functional
1757894075,0.1679316416933539,10.0,3.0,3.0,cart,functional
1757894075,0.1790361022298388,10.0,3.0,3.0,catalog,functional
1757894075,0.4162606732063008,10.0,7.0,7.0,edge,functional
1757894075,0.2878657207982604,10.0,5.0,5.0,ordering,functional
1757894087,0.1879866853989514,10.0,3.0,3.0,catalog,functional
1757894087,0.2878665347626883,10.0,5.0,5.0,ordering,functional
1757894087,0.1674540860669958,10.0,3.0,3.0,cart,functional
1757894087,0.4025254398498065,10.0,7.0,7.0,edge,functional
1757894099,0.284891692388189,10.0,5.0,5.0,ordering,functional
1757894099,0.4170592021971608,10.0,7.0,7.0,edge,functional
1757894099,0.1879147467403839,10.0,3.0,3.0,catalog,functional
1757894099,0.1637451256670295,10.0,3.0,3.0,cart,functional
1757894111,0.1848346603008507,10.0,3.0,3.0,catalog,functional
1757894111,0.2865699292957659,10.0,5.0,5.0,ordering,functional
1757894111,0.1653469182749444,10.0,3.0,3.0,cart,functional
1757894111,0.3964587593761386,10.0,7.0,7.0,edge,functional
1757894122,0.4041871557289028,10.0,7.0,7.0,edge,functional
1757894122,0.1658839063797427,10.0,3.0,3.0,cart,functional
1757894122,0.1892760678367624,10.0,3.0,3.0,catalog,functional
1757894122,0.2833438688865831,10.0,5.0,5.0,ordering,functional
1757894134,0.2826124810907316,10.0,5.0,5.0,ordering,functional
1757894134,0.1662026670668805,10.0,3.0,3.0,cart,functional
1757894134,0.1878470489646732,10.0,3.0,3.0,catalog,functional
1757894134,0.41708305413393,10.0,7.0,7.0,edge,functional
1757894146,0.4156300881575319,10.0,7.0,7.0,edge,functional
1757894146,0.286082262003664,10.0,5.0,5.0,ordering,functional
1757894146,0.164420961771723,10.0,3.0,3.0,cart,functional
1757894146,0.1903214079279273,10.0,3.0,3.0,catalog,functional
1757894157,0.1903958834221261,10.0,3.0,3.0,catalog,functional
1757894157,0.1686310555544888,10.0,3.0,3.0,cart,functional
1757894157,0.4166946023503448,10.0,7.0,7.0,edge,functional
1757894157,0.2890568491790002,10.0,5.0,5.0,ordering,functional
1757894169,0.1880763031738385,10.0,3.0,3.0,catalog,functional
1757894169,0.2859868405316342,10.0,5.0,5.0,ordering,functional
1757894169,0.1700972906574636,10.0,3.0,3.0,cart,functional
1757894169,0.4018245992834112,10.0,7.0,7.0,edge,functional
1757894181,0.1677185616731603,10.0,3.0,3.0,cart,functional
1757894181,0.1878896245392614,10.0,3.0,3.0,catalog,functional
1757894181,0.2857075950270726,10.0,5.0,5.0,ordering,functional
1757894181,0.4157112703380644,10.0,7.0,7.0,edge,functional
1757894192,0.1871885309442887,10.0,3.0,3.0,catalog,functional
1757894192,0.3952537148266246,10.0,7.0,7.0,edge,functional
1757894192,0.2759774025040493,10.0,5.0,5.0,ordering,functional
1757894192,0.1625167813509881,10.0,3.0,3.0,cart,functional
1757894204,0.2791040670226219,10.0,5.0,5.0,ordering,functional
1757894204,0.1866825112493892,10.0,3.0,3.0,catalog,functional
1757894204,0.1641376280872455,10.0,3.0,3.0,cart,functional
1757894204,0.4137944218077106,10.0,7.0,7.0,edge,functional
1757894216,0.1891695137463358,10.0,3.0,3.0,catalog,functional
1757894216,0.2868569058958873,10.0,5.0,5.0,ordering,functional
1757894216,0.4140662553232849,10.0,7.0,7.0,edge,functional
1757894216,0.1692675206568119,10.0,3.0,3.0,cart,functional
1757894228,0.1690260963460209,10.0,3.0,3.0,cart,functional
1757894228,0.4141283286626252,10.0,7.0,7.0,edge,functional
1757894228,0.1868140352430874,10.0,3.0,3.0,catalog,functional
1757894228,0.2843728386247259,10.0,5.0,5.0,ordering,functional
1757894239,0.2782951570650077,10.0,5.0,5.0,ordering,functional
1757894239,0.1686285595020344,10.0,3.0,3.0,cart,functional
1757894239,0.4142851749377471,10.0,7.0,7.0,edge,functional
1757894239,0.1845816084817679,10.0,3.0,3.0,catalog,functional
1757894251,0.188154227091874,10.0,3.0,3.0,catalog,functional
1757894251,0.4141593826969342,10.0,7.0,7.0,edge,functional
1757894251,0.2791484479356699,10.0,5.0,5.0,ordering,functional
1757894251,0.1633999959649253,10.0,3.0,3.0,cart,functional
1757894263,0.1661599873862277,10.0,3.0,3.0,cart,functional
1757894263,0.2790638871576854,10.0,5.0,5.0,ordering,functional
1757894263,0.3953000041947682,10.0,7.0,7.0,edge,functional
1757894263,0.1819426024811265,10.0,3.0,3.0,catalog,functional
1757894274,0.182436412270631,10.0,3.0,3.0,catalog,functional
1757894274,0.3988549012020075,10.0,7.0,7.0,edge,functional
1757894274,0.2795501044154849,10.0,5.0,5.0,ordering,functional
1757894274,0.1660832762065733,10.0,3.0,3.0,cart,functional
1757894286,0.2849704510325619,10.0,5.0,5.0,ordering,functional
1757894286,0.1620626593738988,10.0,3.0,3.0,cart,functional
1757894286,0.4135038031980079,10.0,7.0,7.0,edge,functional
1757894286,0.1876362130491322,10.0,3.0,3.0,catalog,functional
1757894297,0.1874627938395422,10.0,3.0,3.0,catalog,functional
1757894297,0.4133192806905771,10.0,7.0,7.0,edge,functional
1757894297,0.167500732236785,10.0,3.0,3.0,cart,functional
1757894297,0.2820716538429375,10.0,5.0,5.0,ordering,functional
1757894309,0.2772586782682115,10.0,5.0,5.0,ordering,functional
1757894309,0.1676597690720098,10.0,3.0,3.0,cart,functional
1757894309,0.4135113743117118,10.0,7.0,7.0,edge,functional
1757894309,0.1872994593650791,10.0,3.0,3.0,catalog,functional
1757894321,0.1825932751033279,10.0,3.0,3.0,catalog,functional
1757894321,0.4135018178672361,10.0,7.0,7.0,edge,functional
1757894321,0.2851065509578951,10.0,5.0,5.0,ordering,functional
1757894321,0.1636614142904648,10.0,3.0,3.0,cart,functional
1757894332,0.1669461339179309,10.0,3.0,3.0,cart,functional
1757894332,0.2820515068371903,10.0,5.0,5.0,ordering,functional
1757894332,0.4134503951412107,10.0,7.0,7.0,edge,functional
1757894332,0.18505968052962,10.0,3.0,3.0,catalog,functional
1757894344,0.1821048749181419,10.0,3.0,3.0,catalog,functional
1757894344,0.1661035159271243,10.0,3.0,3.0,cart,functional
1757894344,0.2740545447863893,10.0,5.0,5.0,ordering,functional
1757894344,0.388378343644562,10.0,7.0,7.0,edge,functional
1757894356,0.1597683340823242,10.0,3.0,3.0,cart,functional
1757894356,0.281954248159356,10.0,5.0,5.0,ordering,functional
1757894356,0.4136174355582089,10.0,7.0,7.0,edge,functional
1757894356,0.186530307544223,10.0,3.0,3.0,catalog,functional
1757894367,0.2821090580841739,10.0,5.0,5.0,ordering,functional
1757894367,0.4135811336320547,10.0,7.0,7.0,edge,functional
1757894367,0.1841637869442249,10.0,3.0,3.0,catalog,functional
1757894367,0.1679161919165684,10.0,3.0,3.0,cart,functional
1757894379,0.2792764833778522,10.0,5.0,5.0,ordering,functional
1757894379,0.1865219699606339,10.0,3.0,3.0,catalog,functional
1757894379,0.4130534631144004,10.0,7.0,7.0,edge,functional
1757894379,0.1661001851309502,10.0,3.0,3.0,cart,functional
1757894391,0.1861214978037098,10.0,3.0,3.0,catalog,functional
1757894391,0.2810071170700274,10.0,5.0,5.0,ordering,functional
1757894391,0.1676518868914294,10.0,3.0,3.0,cart,functional
1757894391,0.4117160009392868,10.0,7.0,7.0,edge,functional
1757894403,0.1833668774172304,10.0,3.0,3.0,catalog,functional
1757894403,0.1652325586886806,10.0,3.0,3.0,cart,functional
1757894403,0.2807001548058261,10.0,5.0,5.0,ordering,functional
1757894403,0.3941432255672738,10.0,7.0,7.0,edge,functional
1757894415,0.1599692014828416,10.0,3.0,3.0,cart,functional
1757894415,0.2834814248414765,10.0,5.0,5.0,ordering,functional
1757894415,0.3981317781604973,10.0,7.0,7.0,edge,functional
1757894415,0.1794503549511732,10.0,3.0,3.0,catalog,functional
1757894426,0.4132688044030143,10.0,7.0,7.0,edge,functional
1757894426,0.2829046216475516,10.0,5.0,5.0,ordering,functional
1757894426,0.1829690376473115,10.0,3.0,3.0,catalog,functional
1757894426,0.1678864825363316,10.0,3.0,3.0,cart,functional
1757894438,0.2802217569649182,10.0,5.0,5.0,ordering,functional
1757894438,0.398585920347113,10.0,7.0,7.0,edge,functional
1757894438,0.1655758784630002,10.0,3.0,3.0,cart,functional
1757894438,0.1851472656528214,10.0,3.0,3.0,catalog,functional
1757894450,0.2767296611457656,10.0,5.0,5.0,ordering,functional
1757894450,0.1640140456009073,10.0,3.0,3.0,cart,functional
1757894450,0.1852673773399487,10.0,3.0,3.0,catalog,functional
1757894450,0.4130818010349396,10.0,7.0,7.0,edge,functional
1757894461,0.1678026032559072,10.0,3.0,3.0,cart,functional
1757894461,0.2830797715459724,10.0,5.0,5.0,ordering,functional
1757894461,0.4136490505431598,10.0,7.0,7.0,edge,functional
1757894461,0.1828063537258665,10.0,3.0,3.0,catalog,functional
1757894473,0.1801304433182369,10.0,3.0,3.0,catalog,functional
1757894473,0.3913521616878797,10.0,7.0,7.0,edge,functional
1757894473,0.2768160661684066,10.0,5.0,5.0,ordering,functional
1757894473,0.1644215681238447,10.0,3.0,3.0,cart,functional
1757894485,0.1852096347632083,10.0,3.0,3.0,catalog,functional
1757894485,0.2813473165175038,10.0,5.0,5.0,ordering,functional
1757894485,0.1655443882380938,10.0,3.0,3.0,cart,functional
1757894485,0.4013369476153537,10.0,7.0,7.0,edge,functional
1757894496,0.2813642753561148,10.0,5.0,5.0,ordering,functional
1757894496,0.1660334103746121,10.0,3.0,3.0,cart,functional
1757894496,0.4141958861428034,10.0,7.0,7.0,edge,functional
1757894496,0.1849934620567855,10.0,3.0,3.0,catalog,functional
1757894508,0.1675061728149483,10.0,3.0,3.0,cart,functional
1757894508,0.1830030874061182,10.0,3.0,3.0,catalog,functional
1757894508,0.4143426246508936,10.0,7.0,7.0,edge,functional
1757894508,0.2779142513300651,10.0,5.0,5.0,ordering,functional
1757894520,0.1854016257185693,10.0,3.0,3.0,catalog,functional
1757894520,0.393229973322111,10.0,7.0,7.0,edge,functional
1757894520,0.2816153699371803,10.0,5.0,5.0,ordering,functional
1757894520,0.1627431436111965,10.0,3.0,3.0,cart,functional
1757894531,0.40135094139322,10.0,7.0,7.0,edge,functional
1757894531,0.1828920242426933,10.0,3.0,3.0,catalog,functional
1757894531,0.1674519209597013,10.0,3.0,3.0,cart,functional
1757894531,0.2775046174820271,10.0,5.0,5.0,ordering,functional
1757894543,0.4137898228499406,10.0,7.0,7.0,edge,functional
1757894543,0.1794597734702064,10.0,3.0,3.0,catalog,functional
1757894543,0.1654661472819866,10.0,3.0,3.0,cart,functional
1757894543,0.2736102986423832,10.0,5.0,5.0,ordering,functional
1757894555,0.1854948388418062,10.0,3.0,3.0,catalog,functional
1757894555,0.2829866841576322,10.0,5.0,5.0,ordering,functional
1757894555,0.4142620446506279,10.0,7.0,7.0,edge,functional
1757894555,0.1642434031632367,10.0,3.0,3.0,cart,functional
1757894567,0.285114672256536,10.0,5.0,5.0,ordering,functional
1757894567,0.4134579542036097,10.0,7.0,7.0,edge,functional
1757894567,0.1833473827894843,10.0,3.0,3.0,catalog,functional
1757894567,0.1683201871499204,10.0,3.0,3.0,cart,functional
1757894578,0.1643751175035359,10.0,3.0,3.0,cart,functional
1757894578,0.1813267900220095,10.0,3.0,3.0,catalog,functional
1757894578,0.2750335104259553,10.0,5.0,5.0,ordering,functional
1757894578,0.4135390217214665,10.0,7.0,7.0,edge,functional
1757894589,0.2674621566149215,10.0,5.0,5.0,ordering,functional
1757894589,0.3881881648071391,10.0,7.0,7.0,edge,functional
1757894589,0.1741446574192791,10.0,3.0,3.0,catalog,functional
1757894589,0.1615198188513212,10.0,3.0,3.0,cart,functional
